datetime,season,holiday,workingday,weather,temp,atemp,humidity,windspeed,casual,registered,count
1/1/2011 10:00,1,0,0,1,15.58,19.695,76,16.9979,12,24,36
1/3/2011 4:00,1,0,1,1,6.56,6.82,47,26.0027,0,1,1
1/3/2011 5:00,1,0,1,1,6.56,6.82,47,19.0012,0,3,3
1/3/2011 22:00,1,0,1,1,5.74,7.575,69,8.9981,0,20,20
1/4/2011 13:00,1,0,1,1,9.84,11.365,56,12.998,18,79,97
1/5/2011 2:00,1,0,1,1,6.56,9.85,74,6.0032,0,2,2
1/5/2011 13:00,1,0,1,1,11.48,12.88,30,19.9995,6,65,71
1/5/2011 20:00,1,0,1,1,9.02,11.365,47,11.0014,7,82,89
1/7/2011 0:00,1,0,1,2,8.2,9.85,64,12.998,4,13,17
1/7/2011 14:00,1,0,1,2,8.2,9.85,40,16.9979,7,43,50
1/8/2011 5:00,1,0,0,2,6.56,8.335,74,11.0014,0,5,5
1/8/2011 6:00,1,0,0,2,6.56,8.335,74,11.0014,0,2,2
1/8/2011 18:00,1,0,0,1,5.74,6.06,39,19.9995,3,52,55
1/9/2011 0:00,1,0,0,1,4.1,3.79,42,26.0027,1,24,25
1/10/2011 9:00,1,0,1,2,5.74,6.06,50,16.9979,2,92,94
1/10/2011 14:00,1,0,1,2,8.2,9.85,40,15.0013,0,47,47
1/10/2011 23:00,1,0,1,1,5.74,7.575,59,11.0014,0,18,18
1/12/2011 0:00,1,0,1,2,6.56,9.85,86,6.0032,0,7,7
1/12/2011 13:00,1,0,1,1,9.02,9.85,44,23.9994,0,49,49
1/16/2011 21:00,1,0,0,1,7.38,9.85,51,11.0014,6,22,28
1/18/2011 20:00,1,0,1,2,9.02,13.635,87,0,0,83,83
1/19/2011 14:00,1,0,1,1,16.4,20.455,58,16.9979,7,68,75
2/1/2011 11:00,1,0,1,2,7.38,12.12,86,0,2,49,51
2/1/2011 19:00,1,0,1,2,9.84,12.12,81,8.9981,3,105,108
2/2/2011 14:00,1,0,1,1,15.58,19.695,82,26.0027,2,61,63
2/2/2011 17:00,1,0,1,1,14.76,15.91,53,35.0008,7,183,190
2/3/2011 9:00,1,0,1,1,6.56,6.82,47,19.9995,6,127,133
2/5/2011 6:00,1,0,0,3,8.2,12.88,100,0,0,4,4
2/7/2011 12:00,1,0,1,2,13.12,17.425,62,0,7,59,66
2/7/2011 22:00,1,0,1,1,11.48,15.15,81,6.0032,3,34,37
2/8/2011 9:00,1,0,1,1,9.84,9.85,52,32.9975,7,128,135
2/10/2011 0:00,1,0,1,3,5.74,6.82,86,12.998,0,16,16
2/10/2011 4:00,1,0,1,2,5.74,6.82,59,15.0013,0,1,1
2/11/2011 14:00,1,0,1,1,12.3,14.395,26,16.9979,17,67,84
2/12/2011 7:00,1,0,0,1,4.92,7.575,80,7.0015,2,9,11
2/12/2011 10:00,1,0,0,1,9.02,10.605,41,16.9979,13,71,84
2/12/2011 22:00,1,0,0,1,9.84,12.88,44,6.0032,6,39,45
2/13/2011 18:00,1,0,0,1,16.4,20.455,32,19.9995,17,78,95
2/14/2011 4:00,1,0,1,1,13.12,15.15,53,19.0012,0,2,2
2/15/2011 14:00,1,0,1,1,13.94,15.91,19,15.0013,10,69,79
2/18/2011 11:00,1,0,1,1,18.04,21.97,72,11.0014,31,82,113
3/2/2011 5:00,1,0,1,1,9.02,10.605,69,15.0013,0,5,5
3/4/2011 11:00,1,0,1,1,11.48,13.635,52,15.0013,16,73,89
3/6/2011 4:00,1,0,0,2,17.22,21.21,88,23.9994,0,3,3
3/6/2011 17:00,1,0,0,3,13.94,15.15,100,19.9995,2,23,25
3/7/2011 3:00,1,0,1,1,8.2,7.575,80,39.0007,0,1,1
3/7/2011 6:00,1,0,1,1,8.2,9.09,75,26.0027,3,31,34
3/7/2011 16:00,1,0,1,1,13.94,15.15,31,23.9994,26,96,122
3/7/2011 21:00,1,0,1,1,11.48,13.635,38,15.0013,1,53,54
3/8/2011 19:00,1,0,1,1,13.94,17.425,31,7.0015,9,141,150
3/9/2011 23:00,1,0,1,3,13.94,16.665,93,12.998,1,17,18
3/11/2011 15:00,1,0,1,2,13.94,15.91,53,16.9979,21,64,85
3/12/2011 13:00,1,0,0,1,14.76,16.665,51,23.9994,62,95,157
3/12/2011 21:00,1,0,0,1,15.58,19.695,62,0,36,46,82
3/13/2011 4:00,1,0,0,1,13.94,16.665,66,11.0014,4,9,13
3/13/2011 9:00,1,0,0,1,16.4,20.455,50,27.9993,8,36,44
3/13/2011 16:00,1,0,0,1,18.86,22.725,41,26.0027,124,132,256
3/13/2011 18:00,1,0,0,1,16.4,20.455,43,23.9994,55,92,147
3/13/2011 22:00,1,0,0,1,12.3,13.635,56,22.0028,8,29,37
3/14/2011 6:00,1,0,1,1,10.66,13.635,65,8.9981,1,27,28
3/14/2011 18:00,1,0,1,1,14.76,18.18,40,7.0015,25,210,235
3/14/2011 22:00,1,0,1,1,13.12,16.665,49,7.0015,4,43,47
3/15/2011 0:00,1,0,1,1,13.12,17.425,53,0,7,7,14
3/16/2011 1:00,1,0,1,3,12.3,13.635,100,19.9995,1,2,3
3/16/2011 22:00,1,0,1,2,16.4,20.455,62,26.0027,11,48,59
3/17/2011 2:00,1,0,1,1,13.94,15.15,71,19.9995,3,5,8
3/17/2011 7:00,1,0,1,1,13.12,16.665,76,8.9981,12,128,140
3/17/2011 17:00,1,0,1,1,20.5,24.24,42,12.998,48,265,313
3/18/2011 6:00,1,0,1,1,16.4,20.455,66,12.998,1,35,36
3/18/2011 10:00,1,0,1,1,21.32,25,53,19.0012,43,74,117
3/19/2011 2:00,1,0,0,2,22.96,26.515,43,15.0013,5,20,25
3/19/2011 10:00,1,0,0,1,18.04,21.97,38,27.9993,55,85,140
4/1/2011 0:00,2,0,1,3,10.66,12.88,100,11.0014,0,6,6
4/3/2011 8:00,2,0,0,1,13.94,16.665,57,11.0014,18,44,62
4/4/2011 0:00,2,0,1,1,16.4,20.455,50,15.0013,1,5,6
4/4/2011 10:00,2,0,1,2,22.14,25.76,45,23.9994,35,55,90
4/6/2011 15:00,2,0,1,1,21.32,25,32,22.0028,34,83,117
4/6/2011 22:00,2,0,1,1,18.86,22.725,41,19.0012,13,71,84
4/7/2011 8:00,2,0,1,1,14.76,17.425,76,12.998,23,291,314
4/7/2011 10:00,2,0,1,2,17.22,21.21,67,7.0015,29,66,95
4/10/2011 6:00,2,0,0,2,14.76,18.18,93,6.0032,0,4,4
4/10/2011 21:00,2,0,0,1,18.04,21.97,88,12.998,18,77,95
4/11/2011 12:00,2,0,1,2,24.6,29.545,73,22.0028,37,97,134
4/12/2011 0:00,2,0,1,2,25.42,31.06,50,7.0015,11,13,24
4/13/2011 23:00,2,0,1,1,16.4,20.455,71,8.9981,5,57,62
4/14/2011 22:00,2,0,1,1,19.68,23.485,55,7.0015,22,82,104
4/15/2011 0:00,2,1,0,1,18.04,21.97,67,0,6,21,27
4/15/2011 18:00,2,1,0,2,18.86,22.725,67,26.0027,47,216,263
4/15/2011 19:00,2,1,0,1,17.22,21.21,77,26.0027,41,168,209
4/17/2011 0:00,2,0,0,2,18.04,21.97,77,19.0012,4,29,33
4/17/2011 7:00,2,0,0,1,14.76,16.665,50,23.9994,2,14,16
5/1/2011 16:00,2,0,0,2,20.5,24.24,72,12.998,75,139,214
5/4/2011 6:00,2,0,1,3,13.94,15.15,93,26.0027,0,21,21
5/7/2011 12:00,2,0,0,1,24.6,31.06,40,12.998,129,244,373
5/7/2011 22:00,2,0,0,1,22.14,25.76,49,12.998,26,94,120
5/8/2011 2:00,2,0,0,1,19.68,23.485,63,0,17,42,59
5/9/2011 2:00,2,0,1,1,18.04,21.97,94,0,6,2,8
5/9/2011 6:00,2,0,1,1,18.04,21.97,72,16.9979,2,87,89
5/10/2011 8:00,2,0,1,2,20.5,24.24,51,7.0015,28,397,425
5/10/2011 17:00,2,0,1,1,26.24,31.06,33,0,79,532,611
5/11/2011 14:00,2,0,1,1,25.42,31.06,53,6.0032,36,141,177
5/12/2011 8:00,2,0,1,1,19.68,23.485,82,12.998,27,394,421
5/12/2011 9:00,2,0,1,2,20.5,24.24,77,19.0012,21,191,212
5/15/2011 3:00,2,0,0,2,21.32,25,100,0,11,21,32
5/16/2011 12:00,2,0,1,1,27.06,31.06,54,6.0032,72,137,209
5/17/2011 1:00,2,0,1,3,22.96,26.515,88,0,7,6,13
5/17/2011 13:00,2,0,1,2,22.96,26.515,88,22.0028,31,141,172
5/18/2011 10:00,2,0,1,3,22.14,25.76,88,19.0012,33,73,106
5/19/2011 18:00,2,0,1,1,24.6,31.06,55,11.0014,59,454,513
6/2/2011 6:00,2,0,1,1,27.06,31.06,39,8.9981,7,106,113
6/3/2011 21:00,2,0,1,1,26.24,31.06,29,7.0015,51,196,247
6/3/2011 22:00,2,0,1,1,25.42,31.06,35,0,26,145,171
6/4/2011 1:00,2,0,0,1,22.14,25.76,64,7.0015,14,80,94
6/4/2011 3:00,2,0,0,1,21.32,25,59,7.0015,8,10,18
6/4/2011 4:00,2,0,0,1,21.32,25,59,6.0032,4,11,15
6/4/2011 15:00,2,0,0,2,30.34,32.575,27,27.9993,180,224,404
6/5/2011 18:00,2,0,0,1,28.7,32.575,58,7.0015,124,239,363
6/7/2011 1:00,2,0,1,1,25.42,30.305,69,8.9981,2,2,4
6/7/2011 19:00,2,0,1,1,31.16,34.09,48,16.9979,69,355,424
6/9/2011 2:00,2,0,1,2,29.52,35.605,84,11.0014,0,6,6
6/9/2011 7:00,2,0,1,2,29.52,34.85,79,8.9981,31,283,314
6/10/2011 7:00,2,0,1,1,29.52,34.09,66,7.0015,25,242,267
6/10/2011 17:00,2,0,1,1,33.62,38.635,52,15.0013,63,454,517
6/14/2011 14:00,2,0,1,2,26.24,31.06,47,12.998,41,118,159
6/15/2011 8:00,2,0,1,1,23.78,27.275,53,8.9981,53,445,498
6/15/2011 14:00,2,0,1,1,30.34,32.575,28,0,50,128,178
6/16/2011 16:00,2,0,1,3,27.06,31.06,69,12.998,36,258,294
6/18/2011 17:00,2,0,0,2,31.16,34.09,48,11.0014,210,239,449
7/1/2011 16:00,3,0,1,1,33.62,34.85,17,0,85,342,427
7/1/2011 20:00,3,0,1,1,29.52,32.575,42,15.0013,84,185,269
7/2/2011 5:00,3,0,0,1,23.78,27.275,73,7.0015,1,13,14
7/3/2011 15:00,3,0,0,1,34.44,40.15,53,19.9995,194,182,376
7/4/2011 23:00,3,1,0,2,29.52,34.09,70,7.0015,44,94,138
7/5/2011 5:00,3,0,1,1,27.06,31.06,69,0,1,19,20
7/6/2011 1:00,3,0,1,1,28.7,33.335,74,8.9981,4,11,15
7/6/2011 4:00,3,0,1,2,27.88,31.82,83,6.0032,0,6,6
7/6/2011 20:00,3,0,1,1,29.52,34.85,74,16.9979,55,257,312
7/7/2011 13:00,3,0,1,1,35.26,39.395,41,0,48,107,155
7/8/2011 20:00,3,0,1,1,27.06,30.305,83,11.0014,30,220,250
7/8/2011 21:00,3,0,1,2,27.06,30.305,83,16.9979,46,158,204
7/9/2011 15:00,3,0,0,1,34.44,36.365,34,6.0032,182,220,402
7/11/2011 2:00,3,0,1,1,28.7,32.575,61,15.0013,8,4,12
7/11/2011 11:00,3,0,1,1,33.62,39.395,56,19.9995,39,89,128
7/13/2011 16:00,3,0,1,2,27.06,29.545,89,0,23,118,141
7/15/2011 6:00,3,0,1,2,24.6,29.545,73,7.0015,12,108,120
7/16/2011 12:00,3,0,0,1,31.16,34.09,43,19.0012,187,276,463
7/16/2011 23:00,3,0,0,1,27.88,31.82,61,15.0013,61,107,168
7/17/2011 1:00,3,0,0,1,26.24,30.305,69,12.998,16,86,102
7/17/2011 4:00,3,0,0,1,25.42,29.545,73,11.0014,4,6,10
7/18/2011 8:00,3,0,1,1,28.7,32.575,70,12.998,18,329,347
7/18/2011 17:00,3,0,1,1,34.44,39.395,49,22.0028,72,473,545
7/19/2011 5:00,3,0,1,2,28.7,33.335,74,7.0015,0,19,19
7/19/2011 8:00,3,0,1,2,31.16,36.365,70,11.0014,31,381,412
8/2/2011 11:00,3,0,1,1,34.44,36.365,32,27.9993,32,96,128
8/4/2011 14:00,3,0,1,1,32.8,37.88,55,11.0014,53,114,167
8/4/2011 21:00,3,0,1,2,28.7,33.335,74,12.998,25,186,211
8/6/2011 13:00,3,0,0,2,32.8,38.635,59,22.0028,176,265,441
8/6/2011 14:00,3,0,0,1,33.62,38.635,52,16.9979,176,204,380
8/6/2011 20:00,3,0,0,3,29.52,34.85,79,19.0012,58,79,137
8/6/2011 23:00,3,0,0,3,28.7,33.335,84,19.0012,29,79,108
8/8/2011 0:00,3,0,1,1,28.7,33.335,79,7.0015,13,17,30
8/14/2011 5:00,3,0,0,2,26.24,28.03,94,11.0014,1,9,10
8/14/2011 7:00,3,0,0,2,27.06,29.545,89,12.998,4,20,24
8/15/2011 20:00,3,0,1,1,27.06,31.06,74,8.9981,45,240,285
8/16/2011 11:00,3,0,1,1,30.34,33.335,51,15.0013,40,110,150
8/17/2011 18:00,3,0,1,1,31.16,34.85,55,16.9979,86,470,556
8/17/2011 20:00,3,0,1,1,30.34,34.09,58,16.9979,37,243,280
9/2/2011 17:00,3,0,1,2,27.88,31.82,65,11.0014,78,377,455
9/5/2011 18:00,3,1,0,1,27.06,29.545,89,6.0032,31,92,123
9/6/2011 6:00,3,0,1,2,22.14,25.76,88,22.0028,0,72,72
9/10/2011 11:00,3,0,0,1,29.52,34.09,62,16.9979,108,252,360
9/11/2011 18:00,3,0,0,1,27.88,31.82,65,19.9995,110,229,339
9/12/2011 1:00,3,0,1,1,22.96,26.515,88,0,1,11,12
9/12/2011 21:00,3,0,1,1,26.24,30.305,73,6.0032,29,166,195
9/13/2011 15:00,3,0,1,1,30.34,33.335,51,19.9995,35,145,180
9/14/2011 4:00,3,0,1,1,24.6,28.03,83,6.0032,1,8,9
9/14/2011 5:00,3,0,1,1,23.78,27.275,88,7.0015,1,30,31
9/14/2011 6:00,3,0,1,1,23.78,27.275,88,7.0015,7,138,145
9/15/2011 7:00,3,0,1,2,25.42,29.545,78,12.998,17,321,338
9/16/2011 20:00,3,0,1,2,20.5,24.24,55,0,41,184,225
9/17/2011 0:00,3,0,0,1,18.86,22.725,72,11.0014,28,80,108
9/17/2011 6:00,3,0,0,2,18.86,22.725,72,15.0013,5,17,22
9/17/2011 21:00,3,0,0,2,20.5,24.24,72,12.998,49,121,170
9/18/2011 14:00,3,0,0,2,23.78,27.275,56,8.9981,127,184,311
9/18/2011 18:00,3,0,0,2,22.96,26.515,60,7.0015,66,223,289
9/18/2011 21:00,3,0,0,2,22.14,25.76,68,6.0032,37,110,147
10/1/2011 19:00,4,0,0,2,15.58,19.695,82,12.998,27,99,126
10/2/2011 10:00,4,0,0,2,14.76,16.665,71,19.0012,60,188,248
10/3/2011 6:00,4,0,1,2,14.76,18.94,71,0,3,91,94
10/4/2011 15:00,4,0,1,1,23.78,27.275,56,19.0012,28,166,194
10/5/2011 5:00,4,0,1,1,18.04,21.97,82,8.9981,3,29,32
10/6/2011 23:00,4,0,1,1,18.04,21.97,88,6.0032,18,81,99
10/7/2011 6:00,4,0,1,1,17.22,21.21,88,0,3,84,87
10/7/2011 16:00,4,0,1,1,26.24,31.06,44,0,73,346,419
10/7/2011 18:00,4,0,1,1,22.96,26.515,60,6.0032,94,371,465
10/8/2011 19:00,4,0,0,1,22.14,25.76,68,8.9981,76,172,248
10/10/2011 3:00,4,1,0,1,18.86,22.725,88,0,2,9,11
10/10/2011 22:00,4,1,0,1,22.96,26.515,88,6.0032,22,104,126
10/11/2011 22:00,4,0,1,2,22.96,26.515,83,12.998,27,120,147
10/12/2011 4:00,4,0,1,3,22.14,25.76,94,26.0027,1,6,7
10/14/2011 2:00,4,0,1,1,22.96,26.515,94,11.0014,0,6,6
10/14/2011 9:00,4,0,1,2,22.96,26.515,94,15.0013,16,164,180
10/16/2011 12:00,4,0,0,1,23.78,27.275,35,16.9979,167,277,444
10/18/2011 10:00,4,0,1,2,22.96,26.515,68,0,27,75,102
11/1/2011 2:00,4,0,1,2,14.76,17.425,81,11.0014,1,3,4
11/1/2011 3:00,4,0,1,2,14.76,17.425,81,8.9981,1,5,6
11/1/2011 19:00,4,0,1,1,17.22,21.21,58,6.0032,39,274,313
11/1/2011 22:00,4,0,1,1,14.76,18.94,81,0,5,91,96
11/3/2011 16:00,4,0,1,1,21.32,25,48,12.998,33,234,267
11/4/2011 11:00,4,0,1,2,18.04,21.97,67,30.0026,34,128,162
11/4/2011 19:00,4,0,1,1,16.4,20.455,37,23.9994,14,182,196
11/5/2011 21:00,4,0,0,1,13.12,17.425,66,0,19,99,118
11/6/2011 2:00,4,0,0,1,10.66,15.15,81,0,6,23,29
11/6/2011 12:00,4,0,0,1,18.04,21.97,54,0,120,226,346
11/7/2011 19:00,4,0,1,1,18.86,22.725,59,0,20,280,300
11/9/2011 9:00,4,0,1,1,13.94,18.18,93,0,22,197,219
11/9/2011 19:00,4,0,1,1,18.04,21.97,72,7.0015,12,292,304
11/10/2011 5:00,4,0,1,2,14.76,17.425,100,8.9981,1,22,23
11/12/2011 8:00,4,0,0,1,10.66,12.88,70,12.998,14,87,101
11/12/2011 18:00,4,0,0,1,17.22,21.21,58,12.998,53,150,203
11/14/2011 0:00,4,0,1,1,18.86,22.725,59,19.0012,8,22,30
11/14/2011 13:00,4,0,1,1,24.6,31.06,49,26.0027,50,153,203
11/14/2011 16:00,4,0,1,1,25.42,31.06,46,27.9993,51,264,315
11/15/2011 12:00,4,0,1,2,22.14,25.76,68,0,28,148,176
11/16/2011 5:00,4,0,1,3,18.86,22.725,94,7.0015,0,13,13
11/17/2011 1:00,4,0,1,2,17.22,21.21,82,11.0014,0,5,5
11/17/2011 10:00,4,0,1,2,13.94,15.15,61,22.0028,7,74,81
11/17/2011 22:00,4,0,1,1,10.66,12.12,52,16.9979,1,83,84
11/17/2011 23:00,4,0,1,1,10.66,12.88,52,15.0013,0,58,58
11/18/2011 1:00,4,0,1,1,10.66,11.365,44,22.0028,0,10,10
11/18/2011 9:00,4,0,1,1,10.66,12.88,41,12.998,6,207,213
11/18/2011 16:00,4,0,1,1,13.94,16.665,29,8.9981,19,190,209
11/19/2011 9:00,4,0,0,1,11.48,12.88,52,19.9995,12,130,142
12/1/2011 17:00,4,0,1,1,14.76,17.425,46,8.9981,9,409,418
12/2/2011 1:00,4,0,1,1,9.84,14.395,75,0,1,14,15
12/2/2011 6:00,4,0,1,1,9.02,13.635,80,0,3,84,87
12/2/2011 17:00,4,0,1,1,17.22,21.21,38,0,20,391,411
12/4/2011 6:00,4,0,0,1,9.84,14.395,93,0,1,3,4
12/4/2011 7:00,4,0,0,1,10.66,15.15,87,0,3,23,26
12/4/2011 13:00,4,0,0,1,16.4,20.455,66,15.0013,88,269,357
12/5/2011 11:00,4,0,1,2,14.76,18.18,87,6.0032,17,106,123
12/5/2011 22:00,4,0,1,2,18.04,21.97,88,8.9981,12,94,106
12/6/2011 3:00,4,0,1,2,18.86,22.725,87,12.998,0,3,3
12/7/2011 18:00,4,0,1,3,16.4,20.455,94,19.9995,3,48,51
12/7/2011 22:00,4,0,1,3,9.84,9.85,93,30.0026,0,13,13
12/8/2011 21:00,4,0,1,1,11.48,15.15,61,6.0032,4,135,139
12/10/2011 11:00,4,0,0,1,13.12,14.395,53,27.9993,44,192,236
12/10/2011 12:00,4,0,0,1,13.12,14.395,45,27.9993,48,235,283
12/11/2011 8:00,4,0,0,1,6.56,11.365,69,0,4,68,72
12/11/2011 11:00,4,0,0,1,10.66,15.15,35,0,31,166,197
12/11/2011 23:00,4,0,0,1,8.2,12.88,69,0,4,31,35
12/12/2011 9:00,4,0,1,2,7.38,10.605,74,6.0032,12,208,220
12/12/2011 14:00,4,0,1,2,13.12,16.665,53,8.9981,16,95,111
12/12/2011 15:00,4,0,1,2,13.12,16.665,57,7.0015,8,124,132
12/13/2011 11:00,4,0,1,1,13.94,15.91,46,16.9979,9,115,124
12/14/2011 4:00,4,0,1,1,10.66,15.15,75,0,0,4,4
12/15/2011 17:00,4,0,1,2,21.32,25,59,19.0012,14,310,324
12/19/2011 4:00,4,0,1,1,6.56,9.09,86,8.9981,0,4,4
12/19/2011 19:00,4,0,1,2,14.76,17.425,53,11.0014,17,234,251
1/2/2012 6:00,1,1,0,1,10.66,11.365,41,26.0027,0,14,14
1/3/2012 4:00,1,0,1,1,6.56,7.575,55,16.9979,0,5,5
1/5/2012 9:00,1,0,1,2,9.02,13.635,69,0,7,220,227
1/5/2012 19:00,1,0,1,1,13.94,17.425,34,6.0032,10,255,265
1/7/2012 5:00,1,0,0,1,10.66,13.635,75,7.0015,2,7,9
1/7/2012 18:00,1,0,0,1,22.14,25.76,45,8.9981,49,248,297
1/9/2012 2:00,1,0,1,1,9.84,12.12,56,8.9981,2,3,5
1/11/2012 8:00,1,0,1,1,8.2,11.365,82,7.0015,11,488,499
1/12/2012 11:00,1,0,1,2,13.94,17.425,81,7.0015,18,101,119
1/12/2012 13:00,1,0,1,1,17.22,21.21,77,11.0014,13,170,183
1/13/2012 10:00,1,0,1,1,9.84,9.85,44,30.0026,2,101,103
1/14/2012 5:00,1,0,0,1,5.74,7.575,50,8.9981,0,4,4
1/15/2012 10:00,1,0,0,1,5.74,6.06,54,19.0012,11,115,126
1/15/2012 11:00,1,0,0,1,6.56,7.575,47,15.0013,21,144,165
1/16/2012 13:00,1,1,0,2,9.84,9.85,41,27.9993,26,202,228
1/19/2012 19:00,1,0,1,2,10.66,11.365,48,19.9995,5,229,234
2/1/2012 10:00,1,0,1,1,16.4,20.455,62,8.9981,9,124,133
2/1/2012 11:00,1,0,1,1,16.4,20.455,58,11.0014,27,116,143
2/2/2012 9:00,1,0,1,3,15.58,19.695,87,0,15,213,228
2/2/2012 17:00,1,0,1,1,17.22,21.21,54,32.9975,13,437,450
2/3/2012 14:00,1,0,1,1,14.76,17.425,46,15.0013,22,148,170
2/3/2012 19:00,1,0,1,1,13.94,17.425,49,7.0015,11,256,267
2/7/2012 15:00,1,0,1,1,18.04,21.97,38,12.998,13,133,146
2/8/2012 5:00,1,0,1,1,9.84,12.88,70,6.0032,0,20,20
2/11/2012 22:00,1,0,0,2,5.74,5.305,39,26.0027,0,46,46
2/13/2012 3:00,1,0,1,1,4.92,7.575,54,7.0015,0,1,1
2/17/2012 0:00,1,0,1,2,12.3,16.665,87,0,2,32,34
2/19/2012 15:00,1,0,0,2,12.3,14.395,49,12.998,85,168,253
3/2/2012 0:00,1,0,1,1,13.94,16.665,53,11.0014,1,45,46
3/2/2012 3:00,1,0,1,1,13.12,15.91,57,12.998,0,3,3
3/2/2012 15:00,1,0,1,2,17.22,21.21,50,19.9995,5,73,78
3/3/2012 8:00,1,0,0,3,14.76,18.94,93,0,2,46,48
3/4/2012 7:00,1,0,0,2,12.3,13.635,52,19.9995,2,21,23
3/4/2012 22:00,1,0,0,1,10.66,12.12,41,16.9979,9,53,62
3/5/2012 8:00,1,0,1,1,8.2,11.365,59,7.0015,13,415,428
3/5/2012 15:00,1,0,1,2,12.3,14.395,53,12.998,20,110,130
3/6/2012 6:00,1,0,1,1,7.38,10.605,51,7.0015,3,99,102
3/6/2012 21:00,1,0,1,1,13.12,15.91,49,12.998,5,143,148
3/6/2012 23:00,1,0,1,1,11.48,13.635,61,15.0013,3,51,54
3/9/2012 15:00,1,0,1,1,18.86,22.725,24,16.9979,50,188,238
3/11/2012 9:00,1,0,0,1,10.66,12.88,60,15.0013,20,70,90
3/12/2012 9:00,1,0,1,1,15.58,19.695,54,11.0014,21,260,281
3/12/2012 17:00,1,0,1,2,25.42,31.06,38,27.9993,87,557,644
3/12/2012 22:00,1,0,1,2,22.96,26.515,56,15.0013,17,116,133
3/13/2012 6:00,1,0,1,3,18.86,22.725,82,12.998,5,108,113
3/13/2012 22:00,1,0,1,1,22.96,26.515,60,6.0032,24,146,170
3/13/2012 23:00,1,0,1,1,22.96,26.515,56,8.9981,8,79,87
3/15/2012 15:00,1,0,1,1,29.52,32.575,32,15.0013,100,187,287
3/17/2012 22:00,1,0,0,1,22.14,25.76,68,0,58,153,211
3/18/2012 21:00,1,0,0,1,21.32,25,72,6.0032,44,129,173
3/19/2012 3:00,1,0,1,1,18.86,22.725,88,6.0032,0,2,2
3/19/2012 18:00,1,0,1,1,26.24,31.06,57,16.9979,120,681,801
4/1/2012 7:00,2,0,0,2,14.76,17.425,71,8.9981,29,55,84
4/1/2012 21:00,2,0,0,2,20.5,24.24,59,11.0014,33,101,134
4/2/2012 14:00,2,0,1,1,18.86,22.725,31,27.9993,127,141,268
4/2/2012 19:00,2,0,1,1,20.5,24.24,27,16.9979,66,428,494
4/2/2012 21:00,2,0,1,1,18.86,22.725,28,8.9981,24,214,238
4/4/2012 19:00,2,0,1,1,27.06,31.06,39,15.0013,75,419,494
4/5/2012 8:00,2,0,1,1,14.76,17.425,46,15.0013,28,610,638
4/5/2012 18:00,2,0,1,1,20.5,24.24,31,7.0015,80,618,698
4/5/2012 19:00,2,0,1,1,19.68,23.485,31,16.9979,64,423,487
4/6/2012 0:00,2,0,1,1,16.4,20.455,43,0,12,49,61
4/6/2012 9:00,2,0,1,1,13.94,15.15,42,22.0028,58,318,376
4/6/2012 14:00,2,0,1,1,19.68,23.485,29,26.0027,240,250,490
4/8/2012 2:00,2,0,0,1,18.04,21.97,24,15.0013,7,25,32
4/8/2012 12:00,2,0,0,1,22.14,25.76,24,16.9979,198,259,457
4/9/2012 0:00,2,0,1,1,19.68,23.485,39,19.0012,8,29,37
4/10/2012 2:00,2,0,1,1,14.76,17.425,71,8.9981,0,2,2
4/10/2012 12:00,2,0,1,1,22.14,25.76,22,19.0012,75,184,259
4/10/2012 13:00,2,0,1,1,21.32,25,23,11.0014,81,202,283
4/12/2012 13:00,2,0,1,1,19.68,23.485,36,30.0026,55,148,203
4/14/2012 10:00,2,0,0,1,18.86,22.725,51,11.0014,139,267,406
4/16/2012 5:00,2,1,0,1,22.14,25.76,77,15.0013,4,34,38
4/16/2012 21:00,2,1,0,1,27.88,31.82,51,16.9979,39,232,271
4/17/2012 16:00,2,0,1,1,27.88,31.06,22,23.9994,50,320,370
4/17/2012 18:00,2,0,1,1,26.24,30.305,25,19.0012,105,670,775
4/18/2012 8:00,2,0,1,3,20.5,24.24,39,12.998,25,551,576
4/19/2012 12:00,2,0,1,1,22.14,25.76,49,0,51,213,264
5/1/2012 14:00,2,0,1,2,30.34,33.335,48,16.9979,37,167,204
5/3/2012 17:00,2,0,1,1,29.52,33.335,54,8.9981,87,617,704
5/4/2012 14:00,2,0,1,2,27.06,31.06,74,19.0012,83,159,242
5/9/2012 12:00,2,0,1,2,25.42,31.06,57,15.0013,58,222,280
5/9/2012 13:00,2,0,1,2,26.24,31.06,53,16.9979,50,216,266
5/9/2012 17:00,2,0,1,2,26.24,31.06,53,8.9981,76,629,705
5/11/2012 15:00,2,0,1,1,25.42,30.305,25,12.998,140,299,439
5/11/2012 16:00,2,0,1,1,25.42,30.305,25,22.0028,128,397,525
5/12/2012 6:00,2,0,0,1,17.22,21.21,67,6.0032,10,23,33
5/12/2012 11:00,2,0,0,1,25.42,31.06,41,6.0032,157,365,522
5/13/2012 22:00,2,0,0,2,25.42,30.305,61,11.0014,42,89,131
5/17/2012 18:00,2,0,1,1,27.06,31.06,27,11.0014,134,734,868
5/18/2012 16:00,2,0,1,1,27.06,31.06,34,16.9979,151,417,568
6/2/2012 21:00,2,0,0,1,24.6,31.06,40,7.0015,96,220,316
6/3/2012 2:00,2,0,0,1,21.32,25,59,7.0015,22,67,89
6/5/2012 1:00,2,0,1,2,21.32,25,77,22.0028,2,18,20
6/5/2012 12:00,2,0,1,2,22.14,25.76,56,15.0013,45,202,247
6/6/2012 3:00,2,0,1,1,18.86,22.725,82,0,0,8,8
6/6/2012 4:00,2,0,1,1,18.86,22.725,82,7.0015,3,7,10
6/6/2012 22:00,2,0,1,1,21.32,25,77,6.0032,27,221,248
6/8/2012 22:00,2,0,1,1,27.88,31.82,41,7.0015,61,230,291
6/9/2012 16:00,2,0,0,1,33.62,34.85,24,12.998,219,315,534
6/9/2012 21:00,2,0,0,1,30.34,32.575,40,12.998,105,211,316
6/10/2012 9:00,2,0,0,1,28.7,32.575,58,0,91,175,266
6/11/2012 10:00,2,0,1,1,29.52,34.09,62,11.0014,52,95,147
6/13/2012 11:00,2,0,1,2,27.06,31.06,54,30.0026,64,182,246
6/14/2012 2:00,2,0,1,2,25.42,31.06,53,16.9979,1,8,9
6/15/2012 1:00,2,0,1,1,23.78,27.275,78,12.998,9,42,51
6/15/2012 6:00,2,0,1,1,22.14,25.76,83,8.9981,9,142,151
6/16/2012 4:00,2,0,0,1,22.14,25.76,68,8.9981,3,5,8
6/16/2012 12:00,2,0,0,1,27.88,31.82,41,7.0015,254,349,603
6/17/2012 12:00,2,0,0,1,25.42,31.06,57,0,260,355,615
6/18/2012 23:00,2,0,1,3,24.6,28.79,78,12.998,17,57,74
7/2/2012 3:00,3,0,1,2,29.52,33.335,54,27.9993,0,5,5
7/2/2012 10:00,3,0,1,1,32.8,36.365,43,16.9979,70,104,174
7/4/2012 11:00,3,1,0,1,33.62,37.88,46,8.9981,164,321,485
7/4/2012 16:00,3,1,0,1,37.72,42.425,35,16.9979,163,226,389
7/4/2012 18:00,3,1,0,1,36.9,42.425,42,12.998,159,271,430
7/5/2012 4:00,3,0,1,1,29.52,33.335,58,0,0,7,7
7/5/2012 11:00,3,0,1,1,36.9,40.91,35,19.9995,107,137,244
7/5/2012 15:00,3,0,1,1,37.72,41.665,33,23.9994,71,183,254
7/9/2012 1:00,3,0,1,3,28.7,33.335,89,7.0015,5,13,18
7/10/2012 5:00,3,0,1,1,27.06,30.305,83,8.9981,3,39,42
7/10/2012 13:00,3,0,1,1,33.62,36.365,38,12.998,77,203,280
7/11/2012 3:00,3,0,1,1,26.24,28.79,89,8.9981,0,5,5
7/13/2012 19:00,3,0,1,1,30.34,33.335,51,11.0014,103,385,488
7/16/2012 4:00,3,0,1,1,27.88,31.82,79,7.0015,1,11,12
7/17/2012 3:00,3,0,1,1,29.52,34.09,66,0,0,3,3
7/17/2012 5:00,3,0,1,1,27.88,31.82,74,6.0032,7,31,38
7/17/2012 20:00,3,0,1,1,35.26,37.88,34,11.0014,52,375,427
7/18/2012 9:00,3,0,1,1,33.62,39.395,56,0,44,253,297
7/19/2012 7:00,3,0,1,1,30.34,34.09,58,19.0012,23,450,473
7/19/2012 16:00,3,0,1,1,34.44,38.635,47,6.0032,70,288,358
8/1/2012 3:00,3,0,1,1,26.24,28.79,83,7.0015,0,7,7
8/1/2012 8:00,3,0,1,2,27.06,30.305,78,12.998,32,649,681
8/2/2012 21:00,3,0,1,1,31.16,36.365,66,15.0013,41,301,342
8/3/2012 4:00,3,0,1,1,27.06,30.305,83,16.9979,1,11,12
8/3/2012 10:00,3,0,1,2,32.8,37.12,52,12.998,82,167,249
8/3/2012 21:00,3,0,1,2,31.16,36.365,66,12.998,54,224,278
8/4/2012 19:00,3,0,0,1,33.62,38.635,52,23.9994,133,264,397
8/4/2012 23:00,3,0,0,1,31.16,36.365,66,19.9995,61,161,222
8/5/2012 4:00,3,0,0,1,29.52,34.85,74,16.9979,3,11,14
8/5/2012 18:00,3,0,0,3,28.7,33.335,74,8.9981,75,154,229
8/8/2012 16:00,3,0,1,2,32.8,37.12,49,19.0012,113,328,441
8/8/2012 23:00,3,0,1,1,29.52,34.09,70,8.9981,16,120,136
8/9/2012 18:00,3,0,1,2,33.62,37.88,46,16.9979,78,733,811
8/9/2012 21:00,3,0,1,2,28.7,32.575,58,11.0014,50,286,336
8/11/2012 0:00,3,0,0,1,28.7,32.575,70,19.0012,38,142,180
8/11/2012 2:00,3,0,0,3,26.24,29.545,78,12.998,19,66,85
8/14/2012 14:00,3,0,1,1,33.62,37.12,41,15.0013,80,175,255
8/14/2012 15:00,3,0,1,1,33.62,37.88,46,15.0013,84,199,283
8/15/2012 9:00,3,0,1,2,29.52,34.09,62,12.998,57,310,367
8/16/2012 6:00,3,0,1,1,24.6,28.79,78,11.0014,3,162,165
9/1/2012 14:00,3,0,0,2,35.26,39.395,44,11.0014,240,274,514
9/2/2012 9:00,3,0,0,2,28.7,33.335,84,0,88,144,232
9/6/2012 22:00,3,0,1,1,26.24,28.79,89,11.0014,24,193,217
9/9/2012 0:00,3,0,0,2,22.96,26.515,73,12.998,18,106,124
9/9/2012 11:00,3,0,0,1,27.06,31.06,47,16.9979,194,391,585
9/10/2012 19:00,3,0,1,1,25.42,31.06,38,19.9995,71,562,633
9/11/2012 20:00,3,0,1,1,23.78,27.275,56,8.9981,40,421,461
9/13/2012 17:00,3,0,1,1,29.52,32.575,42,12.998,97,787,884
9/14/2012 20:00,3,0,1,1,27.06,31.06,61,7.0015,67,337,404
9/15/2012 9:00,3,0,0,1,24.6,31.06,43,27.9993,79,263,342
9/15/2012 13:00,3,0,0,1,27.88,31.82,36,12.998,327,377,704
9/15/2012 17:00,3,0,0,2,27.06,31.06,36,16.9979,295,434,729
9/16/2012 1:00,3,0,0,1,22.14,25.76,64,0,35,82,117
9/17/2012 7:00,3,0,1,1,21.32,25,77,0,18,474,492
9/17/2012 19:00,3,0,1,2,25.42,29.545,73,7.0015,51,435,486
9/18/2012 15:00,3,0,1,3,24.6,27.275,88,16.9979,1,35,36
9/19/2012 3:00,3,0,1,2,21.32,25,63,16.9979,1,4,5
10/1/2012 2:00,4,0,1,1,18.86,22.725,72,0,6,6,12
10/1/2012 5:00,4,0,1,1,18.04,21.97,77,0,2,34,36
10/2/2012 1:00,4,0,1,2,22.14,25.76,77,7.0015,0,11,11
10/2/2012 3:00,4,0,1,2,22.14,25.76,88,12.998,1,4,5
10/3/2012 7:00,4,0,1,2,24.6,25.76,94,12.998,11,504,515
10/4/2012 1:00,4,0,1,2,25.42,27.275,94,0,2,23,25
10/5/2012 7:00,4,0,1,1,21.32,25,83,7.0015,11,417,428
10/7/2012 12:00,4,0,0,2,17.22,21.21,71,0,100,292,392
10/8/2012 2:00,4,1,0,1,13.94,16.665,81,12.998,3,12,15
10/8/2012 18:00,4,1,0,2,17.22,21.21,66,19.0012,41,415,456
10/8/2012 21:00,4,1,0,2,16.4,20.455,76,15.0013,17,134,151
10/9/2012 7:00,4,0,1,1,15.58,19.695,83,16.9979,5,357,362
10/10/2012 13:00,4,0,1,1,22.96,26.515,49,0,60,237,297
10/11/2012 13:00,4,0,1,1,20.5,24.24,31,7.0015,48,243,291
10/12/2012 15:00,4,0,1,1,21.32,25,42,30.0026,138,317,455
10/13/2012 22:00,4,0,0,1,16.4,20.455,62,0,33,156,189
10/14/2012 17:00,4,0,0,1,26.24,31.06,44,12.998,193,346,539
10/15/2012 3:00,4,0,1,2,22.96,26.515,73,16.9979,2,2,4
10/16/2012 13:00,4,0,1,1,21.32,25,45,19.0012,68,260,328
10/17/2012 14:00,4,0,1,2,22.96,26.515,43,11.0014,82,188,270
10/18/2012 1:00,4,0,1,1,18.86,22.725,82,15.0013,0,14,14
10/18/2012 2:00,4,0,1,1,18.86,22.725,82,12.998,1,13,14
11/1/2012 22:00,4,0,1,1,14.76,17.425,57,11.0014,27,175,202
11/2/2012 16:00,4,0,1,1,15.58,19.695,40,22.0028,48,373,421
11/3/2012 8:00,4,0,0,2,13.94,15.15,46,19.9995,10,132,142
11/4/2012 11:00,4,0,0,1,15.58,19.695,46,15.0013,134,311,445
11/4/2012 21:00,4,0,0,1,12.3,13.635,52,19.9995,16,71,87
11/5/2012 9:00,4,0,1,2,12.3,14.395,52,19.0012,18,239,257
11/6/2012 17:00,4,0,1,1,13.12,15.15,53,15.0013,30,597,627
11/6/2012 20:00,4,0,1,1,12.3,14.395,61,15.0013,10,218,228
11/8/2012 1:00,4,0,1,3,12.3,13.635,52,23.9994,1,11,12
11/8/2012 6:00,4,0,1,1,12.3,14.395,39,15.0013,2,122,124
11/8/2012 7:00,4,0,1,1,11.48,12.88,36,26.0027,12,411,423
11/9/2012 2:00,4,0,1,1,13.12,15.15,53,16.9979,1,11,12
11/9/2012 19:00,4,0,1,1,13.94,17.425,71,6.0032,30,331,361
11/10/2012 10:00,4,0,0,1,16.4,20.455,58,0,86,264,350
11/11/2012 4:00,4,0,0,1,13.12,16.665,81,7.0015,5,6,11
11/11/2012 19:00,4,0,0,1,19.68,23.485,55,8.9981,69,208,277
11/14/2012 2:00,4,0,1,1,9.84,10.605,60,19.9995,0,1,1
11/14/2012 16:00,4,0,1,1,13.94,17.425,46,7.0015,31,290,321
11/15/2012 0:00,4,0,1,2,10.66,15.15,65,0,1,33,34
11/15/2012 4:00,4,0,1,2,11.48,14.395,65,8.9981,0,5,5
11/16/2012 10:00,4,0,1,1,13.94,16.665,53,12.998,33,165,198
11/16/2012 17:00,4,0,1,1,14.76,17.425,46,12.998,41,539,580
11/17/2012 5:00,4,0,0,1,9.84,12.12,70,11.0014,1,10,11
11/17/2012 21:00,4,0,0,2,13.12,16.665,57,7.0015,15,124,139
11/18/2012 7:00,4,0,0,1,11.48,13.635,81,12.998,3,39,42
11/18/2012 18:00,4,0,0,1,14.76,17.425,66,15.0013,36,240,276
11/18/2012 21:00,4,0,0,1,14.76,16.665,66,16.9979,17,93,110
11/19/2012 6:00,4,0,1,2,14.76,16.665,66,16.9979,3,128,131
12/2/2012 18:00,4,0,0,2,18.04,21.97,72,7.0015,25,178,203
12/4/2012 11:00,4,0,1,1,19.68,23.485,77,12.998,24,183,207
12/5/2012 5:00,4,0,1,1,20.5,24.24,59,19.0012,1,48,49
12/5/2012 6:00,4,0,1,3,19.68,23.485,55,26.0027,5,119,124
12/5/2012 11:00,4,0,1,1,18.04,21.97,44,19.0012,11,161,172
12/5/2012 17:00,4,0,1,1,18.04,21.97,35,19.0012,29,576,605
12/5/2012 20:00,4,0,1,1,13.94,15.15,46,26.0027,19,274,293
12/5/2012 21:00,4,0,1,1,13.94,15.15,46,27.9993,14,184,198
12/6/2012 12:00,4,0,1,1,11.48,15.91,41,0,29,206,235
12/8/2012 3:00,4,0,0,2,14.76,18.18,93,7.0015,6,23,29
12/8/2012 7:00,4,0,0,2,14.76,18.18,100,6.0032,3,36,39
12/8/2012 23:00,4,0,0,2,16.4,20.455,94,0,18,144,162
12/9/2012 6:00,4,0,0,3,16.4,20.455,94,7.0015,0,6,6
12/11/2012 1:00,4,0,1,1,17.22,21.21,71,30.0026,1,7,8
12/13/2012 14:00,4,0,1,1,14.76,17.425,34,11.0014,31,211,242
12/15/2012 0:00,4,0,0,1,12.3,16.665,70,0,4,90,94
12/15/2012 10:00,4,0,0,1,13.12,15.91,61,11.0014,23,250,273
12/16/2012 13:00,4,0,0,2,15.58,19.695,76,12.998,67,289,356
12/17/2012 3:00,4,0,1,2,14.76,18.94,93,0,0,3,3
12/18/2012 19:00,4,0,1,1,15.58,19.695,46,26.0027,19,334,353
12/18/2012 23:00,4,0,1,1,13.94,17.425,49,6.0032,1,80,81
12/19/2012 9:00,4,0,1,1,11.48,14.395,75,7.0015,8,309,317
12/19/2012 11:00,4,0,1,1,16.4,20.455,54,15.0013,31,169,200