Year,Month,TempDiff
1850,1,-0.371
1850,2,-0.346
1850,3,-0.607
1850,4,-0.419
1850,5,-0.246
1850,6,-0.24
1850,7,-0.207
1850,8,-0.344
1850,9,-0.404
1850,10,-0.374
1850,11,-0.188
1850,12,-0.265
1851,1,-0.353
1851,2,-0.334
1851,3,-0.313
1851,4,-0.397
1851,5,-0.285
1851,6,-0.22
1851,7,-0.228
1851,8,-0.23
1851,9,-0.122
1851,10,-0.086
1851,11,0.063
1851,12,-0.013
1852,1,-0.333
1852,2,-0.463
1852,3,-0.358
1852,4,-0.342
1852,5,-0.23
1852,6,-0.027
1852,7,-0.059
1852,8,-0.239
1852,9,-0.106
1852,10,-0.142
1852,11,-0.107
1852,12,-0.047
1853,1,-0.268
1853,2,-0.2
1853,3,-0.139
1853,4,-0.229
1853,5,-0.248
1853,6,-0.187
1853,7,-0.122
1853,8,-0.206
1853,9,-0.383
1853,10,-0.405
1853,11,-0.175
1853,12,-0.276
1854,1,-0.265
1854,2,-0.289
1854,3,-0.272
1854,4,-0.248
1854,5,-0.263
1854,6,-0.198
1854,7,-0.312
1854,8,-0.232
1854,9,-0.125
1854,10,-0.295
1854,11,-0.34
1854,12,-0.336
1855,1,-0.135
1855,2,-0.212
1855,3,-0.213
1855,4,-0.282
1855,5,-0.408
1855,6,-0.188
1855,7,-0.32
1855,8,-0.195
1855,9,-0.308
1855,10,-0.242
1855,11,-0.111
1855,12,-0.185
1856,1,-0.149
1856,2,-0.301
1856,3,-0.307
1856,4,-0.369
1856,5,-0.049
1856,6,-0.393
1856,7,-0.325
1856,8,-0.298
1856,9,-0.418
1856,10,-0.343
1856,11,-0.483
1856,12,-0.478
1857,1,-0.435
1857,2,-0.39
1857,3,-0.378
1857,4,-0.463
1857,5,-0.488
1857,6,-0.303
1857,7,-0.613
1857,8,-0.402
1857,9,-0.34
1857,10,-0.474
1857,11,-0.579
1857,12,-0.569
1858,1,-0.639
1858,2,-0.522
1858,3,-0.468
1858,4,-0.526
1858,5,-0.713
1858,6,-0.744
1858,7,-0.43
1858,8,-0.306
1858,9,-0.372
1858,10,-0.263
1858,11,-0.372
1858,12,-0.31
1859,1,-0.419
1859,2,-0.37
1859,3,-0.409
1859,4,-0.209
1859,5,-0.393
1859,6,-0.33
1859,7,-0.41
1859,8,-0.228
1859,9,-0.614
1859,10,-0.247
1859,11,-0.341
1859,12,-0.201
1860,1,-0.221
1860,2,-0.268
1860,3,-0.324
1860,4,-0.314
1860,5,-0.349
1860,6,-0.449
1860,7,-0.124
1860,8,-0.231
1860,9,-0.249
1860,10,-0.156
1860,11,-0.238
1860,12,-0.363
1861,1,-0.404
1861,2,-0.739
1861,3,-0.68
1861,4,-0.135
1861,5,-0.603
1861,6,-0.354
1861,7,-0.481
1861,8,-0.201
1861,9,-0.353
1861,10,-0.408
1861,11,-0.412
1861,12,-0.275
1862,1,-0.456
1862,2,-0.381
1862,3,-0.309
1862,4,-0.242
1862,5,-0.189
1862,6,-0.31
1862,7,-0.374
1862,8,-0.738
1862,9,-0.479
1862,10,-0.409
1862,11,-0.532
1862,12,-0.57
1863,1,-0.378
1863,2,-0.299
1863,3,-0.404
1863,4,-0.217
1863,5,-0.43
1863,6,-0.424
1863,7,-0.383
1863,8,-0.412
1863,9,-0.461
1863,10,-0.335
1863,11,-0.395
1863,12,-0.35
1864,1,-0.697
1864,2,-0.655
1864,3,-0.556
1864,4,-0.464
1864,5,-0.261
1864,6,-0.344
1864,7,-0.26
1864,8,-0.423
1864,9,-0.473
1864,10,-0.406
1864,11,-0.097
1864,12,-0.225
1865,1,-0.223
1865,2,-0.141
1865,3,-0.164
1865,4,-0.187
1865,5,-0.336
1865,6,-0.304
1865,7,-0.285
1865,8,-0.201
1865,9,-0.304
1865,10,-0.212
1865,11,-0.373
1865,12,-0.26
1866,1,-0.309
1866,2,-0.09
1866,3,-0.478
1866,4,-0.299
1866,5,-0.336
1866,6,0.037
1866,7,-0.028
1866,8,-0.19
1866,9,-0.352
1866,10,-0.159
1866,11,-0.156
1866,12,-0.386
1867,1,-0.137
1867,2,-0.306
1867,3,-0.132
1867,4,-0.142
1867,5,-0.228
1867,6,-0.333
1867,7,-0.198
1867,8,-0.284
1867,9,-0.128
1867,10,-0.247
1867,11,-0.172
1867,12,-0.458
1868,1,-0.409
1868,2,-0.271
1868,3,-0.04
1868,4,-0.256
1868,5,-0.243
1868,6,-0.444
1868,7,-0.102
1868,8,-0.196
1868,9,-0.158
1868,10,-0.267
1868,11,-0.215
1868,12,-0.21
1869,1,-0.32
1869,2,-0.118
1869,3,-0.384
1869,4,-0.159
1869,5,-0.229
1869,6,-0.384
1869,7,-0.325
1869,8,-0.231
1869,9,-0.259
1869,10,-0.263
1869,11,-0.276
1869,12,-0.326
1870,1,-0.189
1870,2,-0.248
1870,3,-0.229
1870,4,-0.159
1870,5,-0.322
1870,6,-0.337
1870,7,-0.079
1870,8,-0.172
1870,9,-0.298
1870,10,-0.343
1870,11,-0.244
1870,12,-0.265
1871,1,-0.261
1871,2,-0.177
1871,3,-0.074
1871,4,-0.152
1871,5,-0.197
1871,6,-0.215
1871,7,-0.093
1871,8,-0.335
1871,9,-0.415
1871,10,-0.491
1871,11,-0.194
1871,12,-0.261
1872,1,-0.342
1872,2,-0.329
1872,3,-0.394
1872,4,-0.237
1872,5,-0.182
1872,6,-0.272
1872,7,-0.126
1872,8,-0.07
1872,9,-0.173
1872,10,-0.279
1872,11,-0.159
1872,12,-0.292
1873,1,-0.058
1873,2,-0.245
1873,3,-0.218
1873,4,-0.303
1873,5,-0.336
1873,6,-0.407
1873,7,-0.207
1873,8,-0.241
1873,9,-0.342
1873,10,-0.396
1873,11,-0.367
1873,12,-0.403
1874,1,-0.207
1874,2,-0.48
1874,3,-0.394
1874,4,-0.441
1874,5,-0.402
1874,6,-0.557
1874,7,-0.218
1874,8,-0.423
1874,9,-0.318
1874,10,-0.516
1874,11,-0.419
1874,12,-0.448
1875,1,-0.285
1875,2,-0.194
1875,3,-0.322
1875,4,-0.292
1875,5,-0.17
1875,6,-0.306
1875,7,-0.359
1875,8,-0.166
1875,9,-0.122
1875,10,-0.201
1875,11,-0.233
1875,12,-0.401
1876,1,-0.365
1876,2,-0.314
1876,3,-0.312
1876,4,-0.318
1876,5,-0.451
1876,6,-0.426
1876,7,-0.261
1876,8,-0.32
1876,9,-0.515
1876,10,-0.354
1876,11,-0.337
1876,12,-0.321
1877,1,-0.358
1877,2,0.114
1877,3,-0.118
1877,4,-0.118
1877,5,-0.328
1877,6,-0.133
1877,7,-0.072
1877,8,0.077
1877,9,0.078
1877,10,0.221
1877,11,0.073
1877,12,0.112
1878,1,0.304
1878,2,0.286
1878,3,0.159
1878,4,0.291
1878,5,0.031
1878,6,-0.014
1878,7,-0.073
1878,8,-0.064
1878,9,-0.069
1878,10,-0.213
1878,11,-0.266
1878,12,-0.204
1879,1,-0.156
1879,2,-0.115
1879,3,-0.075
1879,4,-0.162
1879,5,-0.208
1879,6,-0.252
1879,7,-0.265
1879,8,-0.146
1879,9,-0.203
1879,10,-0.205
1879,11,-0.22
1879,12,-0.297
1880,1,-0.218
1880,2,-0.13
1880,3,0.027
1880,4,-0.095
1880,5,-0.314
1880,6,-0.36
1880,7,-0.237
1880,8,-0.137
1880,9,-0.24
1880,10,-0.221
1880,11,-0.177
1880,12,-0.175
1881,1,-0.074
1881,2,-0.095
1881,3,-0.014
1881,4,-0.039
1881,5,-0.047
1881,6,-0.153
1881,7,-0.188
1881,8,-0.188
1881,9,-0.295
1881,10,-0.224
1881,11,-0.263
1881,12,-0.19
1882,1,-0.111
1882,2,-0.106
1882,3,-0.12
1882,4,-0.166
1882,5,-0.276
1882,6,-0.256
1882,7,-0.147
1882,8,-0.287
1882,9,-0.198
1882,10,-0.281
1882,11,-0.163
1882,12,-0.316
1883,1,-0.184
1883,2,-0.133
1883,3,-0.16
1883,4,-0.31
1883,5,-0.209
1883,6,-0.162
1883,7,-0.214
1883,8,-0.199
1883,9,-0.283
1883,10,-0.387
1883,11,-0.262
1883,12,-0.342
1884,1,-0.385
1884,2,-0.16
1884,3,-0.308
1884,4,-0.348
1884,5,-0.282
1884,6,-0.374
1884,7,-0.394
1884,8,-0.386
1884,9,-0.318
1884,10,-0.31
1884,11,-0.443
1884,12,-0.372
1885,1,-0.272
1885,2,-0.31
1885,3,-0.38
1885,4,-0.398
1885,5,-0.418
1885,6,-0.451
1885,7,-0.332
1885,8,-0.459
1885,9,-0.325
1885,10,-0.188
1885,11,-0.191
1885,12,-0.19
1886,1,-0.254
1886,2,-0.284
1886,3,-0.267
1886,4,-0.345
1886,5,-0.176
1886,6,-0.363
1886,7,-0.321
1886,8,-0.374
1886,9,-0.466
1886,10,-0.331
1886,11,-0.373
1886,12,-0.493
1887,1,-0.479
1887,2,-0.512
1887,3,-0.439
1887,4,-0.402
1887,5,-0.436
1887,6,-0.404
1887,7,-0.286
1887,8,-0.334
1887,9,-0.426
1887,10,-0.382
1887,11,-0.386
1887,12,-0.335
1888,1,-0.388
1888,2,-0.283
1888,3,-0.286
1888,4,-0.255
1888,5,-0.271
1888,6,-0.255
1888,7,-0.329
1888,8,-0.298
1888,9,-0.24
1888,10,-0.064
1888,11,-0.079
1888,12,-0.083
1889,1,0.09
1889,2,0.022
1889,3,-0.005
1889,4,-0.043
1889,5,-0.129
1889,6,-0.152
1889,7,-0.192
1889,8,-0.25
1889,9,-0.347
1889,10,-0.285
1889,11,-0.232
1889,12,-0.281
1890,1,-0.336
1890,2,-0.333
1890,3,-0.422
1890,4,-0.374
1890,5,-0.361
1890,6,-0.39
1890,7,-0.491
1890,8,-0.485
1890,9,-0.562
1890,10,-0.52
1890,11,-0.474
1890,12,-0.348
1891,1,-0.399
1891,2,-0.296
1891,3,-0.239
1891,4,-0.248
1891,5,-0.132
1891,6,-0.233
1891,7,-0.3
1891,8,-0.297
1891,9,-0.217
1891,10,-0.253
1891,11,-0.357
1891,12,-0.282
1892,1,-0.256
1892,2,-0.139
1892,3,-0.304
1892,4,-0.354
1892,5,-0.317
1892,6,-0.486
1892,7,-0.582
1892,8,-0.498
1892,9,-0.404
1892,10,-0.504
1892,11,-0.515
1892,12,-0.541
1893,1,-0.452
1893,2,-0.36
1893,3,-0.31
1893,4,-0.511
1893,5,-0.479
1893,6,-0.447
1893,7,-0.296
1893,8,-0.292
1893,9,-0.485
1893,10,-0.307
1893,11,-0.429
1893,12,-0.396
1894,1,-0.417
1894,2,-0.439
1894,3,-0.492
1894,4,-0.395
1894,5,-0.463
1894,6,-0.475
1894,7,-0.299
1894,8,-0.399
1894,9,-0.402
1894,10,-0.458
1894,11,-0.38
1894,12,-0.406
1895,1,-0.269
1895,2,-0.319
1895,3,-0.451
1895,4,-0.426
1895,5,-0.406
1895,6,-0.323
1895,7,-0.305
1895,8,-0.249
1895,9,-0.359
1895,10,-0.331
1895,11,-0.226
1895,12,-0.307
1896,1,-0.215
1896,2,-0.209
1896,3,-0.169
1896,4,-0.159
1896,5,-0.186
1896,6,-0.129
1896,7,-0.108
1896,8,-0.043
1896,9,-0.064
1896,10,-0.221
1896,11,-0.014
1896,12,-0.01
1897,1,-0.052
1897,2,-0.05
1897,3,0.048
1897,4,-0.065
1897,5,-0.106
1897,6,-0.162
1897,7,-0.2
1897,8,-0.182
1897,9,-0.259
1897,10,-0.321
1897,11,-0.383
1897,12,-0.379
1898,1,-0.265
1898,2,-0.345
1898,3,-0.375
1898,4,-0.508
1898,5,-0.464
1898,6,-0.355
1898,7,-0.392
1898,8,-0.371
1898,9,-0.391
1898,10,-0.509
1898,11,-0.435
1898,12,-0.457
1899,1,-0.305
1899,2,-0.347
1899,3,-0.368
1899,4,-0.355
1899,5,-0.254
1899,6,-0.319
1899,7,-0.283
1899,8,-0.156
1899,9,-0.226
1899,10,-0.263
1899,11,-0.184
1899,12,-0.296
1900,1,-0.15
1900,2,-0.017
1900,3,-0.224
1900,4,-0.149
1900,5,-0.319
1900,6,-0.217
1900,7,-0.174
1900,8,-0.221
1900,9,-0.234
1900,10,-0.235
1900,11,-0.244
1900,12,-0.228
1901,1,-0.166
1901,2,-0.212
1901,3,-0.373
1901,4,-0.278
1901,5,-0.25
1901,6,-0.268
1901,7,-0.308
1901,8,-0.281
1901,9,-0.412
1901,10,-0.367
1901,11,-0.478
1901,12,-0.453
1902,1,-0.444
1902,2,-0.414
1902,3,-0.404
1902,4,-0.398
1902,5,-0.402
1902,6,-0.51
1902,7,-0.407
1902,8,-0.418
1902,9,-0.368
1902,10,-0.428
1902,11,-0.394
1902,12,-0.336
1903,1,-0.338
1903,2,-0.347
1903,3,-0.375
1903,4,-0.468
1903,5,-0.434
1903,6,-0.544
1903,7,-0.525
1903,8,-0.698
1903,9,-0.579
1903,10,-0.692
1903,11,-0.641
1903,12,-0.582
1904,1,-0.605
1904,2,-0.593
1904,3,-0.599
1904,4,-0.527
1904,5,-0.545
1904,6,-0.526
1904,7,-0.507
1904,8,-0.512
1904,9,-0.481
1904,10,-0.523
1904,11,-0.515
1904,12,-0.459
1905,1,-0.446
1905,2,-0.478
1905,3,-0.448
1905,4,-0.501
1905,5,-0.338
1905,6,-0.355
1905,7,-0.264
1905,8,-0.38
1905,9,-0.424
1905,10,-0.41
1905,11,-0.389
1905,12,-0.311
1906,1,-0.163
1906,2,-0.172
1906,3,-0.226
1906,4,-0.259
1906,5,-0.474
1906,6,-0.367
1906,7,-0.371
1906,8,-0.379
1906,9,-0.437
1906,10,-0.43
1906,11,-0.418
1906,12,-0.448
1907,1,-0.372
1907,2,-0.463
1907,3,-0.327
1907,4,-0.399
1907,5,-0.408
1907,6,-0.477
1907,7,-0.414
1907,8,-0.463
1907,9,-0.456
1907,10,-0.455
1907,11,-0.479
1907,12,-0.509
1908,1,-0.505
1908,2,-0.484
1908,3,-0.558
1908,4,-0.558
1908,5,-0.485
1908,6,-0.522
1908,7,-0.525
1908,8,-0.536
1908,9,-0.55
1908,10,-0.56
1908,11,-0.559
1908,12,-0.617
1909,1,-0.527
1909,2,-0.553
1909,3,-0.64
1909,4,-0.527
1909,5,-0.519
1909,6,-0.556
1909,7,-0.638
1909,8,-0.442
1909,9,-0.515
1909,10,-0.565
1909,11,-0.622
1909,12,-0.604
1910,1,-0.494
1910,2,-0.583
1910,3,-0.589
1910,4,-0.563
1910,5,-0.541
1910,6,-0.549
1910,7,-0.604
1910,8,-0.552
1910,9,-0.537
1910,10,-0.518
1910,11,-0.616
1910,12,-0.673
1911,1,-0.534
1911,2,-0.699
1911,3,-0.651
1911,4,-0.744
1911,5,-0.66
1911,6,-0.636
1911,7,-0.608
1911,8,-0.554
1911,9,-0.531
1911,10,-0.498
1911,11,-0.444
1911,12,-0.357
1912,1,-0.343
1912,2,-0.373
1912,3,-0.255
1912,4,-0.319
1912,5,-0.406
1912,6,-0.394
1912,7,-0.403
1912,8,-0.52
1912,9,-0.557
1912,10,-0.594
1912,11,-0.555
1912,12,-0.557
1913,1,-0.515
1913,2,-0.435
1913,3,-0.495
1913,4,-0.522
1913,5,-0.433
1913,6,-0.475
1913,7,-0.499
1913,8,-0.503
1913,9,-0.481
1913,10,-0.436
1913,11,-0.426
1913,12,-0.433
1914,1,-0.363
1914,2,-0.37
1914,3,-0.397
1914,4,-0.389
1914,5,-0.344
1914,6,-0.353
1914,7,-0.379
1914,8,-0.268
1914,9,-0.32
1914,10,-0.208
1914,11,-0.166
1914,12,-0.225
1915,1,-0.174
1915,2,-0.278
1915,3,-0.128
1915,4,-0.203
1915,5,-0.221
1915,6,-0.158
1915,7,-0.13
1915,8,-0.022
1915,9,-0.185
1915,10,-0.235
1915,11,-0.219
1915,12,-0.329
1916,1,-0.353
1916,2,-0.267
1916,3,-0.366
1916,4,-0.367
1916,5,-0.368
1916,6,-0.412
1916,7,-0.392
1916,8,-0.388
1916,9,-0.368
1916,10,-0.435
1916,11,-0.599
1916,12,-0.482
1917,1,-0.698
1917,2,-0.525
1917,3,-0.618
1917,4,-0.417
1917,5,-0.489
1917,6,-0.334
1917,7,-0.268
1917,8,-0.222
1917,9,-0.219
1917,10,-0.33
1917,11,-0.484
1917,12,-0.393
1918,1,-0.459
1918,2,-0.522
1918,3,-0.453
1918,4,-0.441
1918,5,-0.289
1918,6,-0.374
1918,7,-0.347
1918,8,-0.374
1918,9,-0.317
1918,10,-0.291
1918,11,-0.078
1918,12,-0.217
1919,1,-0.196
1919,2,-0.102
1919,3,-0.262
1919,4,-0.175
1919,5,-0.277
1919,6,-0.359
1919,7,-0.469
1919,8,-0.439
1919,9,-0.357
1919,10,-0.343
1919,11,-0.438
1919,12,-0.503
1920,1,-0.375
1920,2,-0.382
1920,3,-0.201
1920,4,-0.306
1920,5,-0.223
1920,6,-0.23
1920,7,-0.303
1920,8,-0.311
1920,9,-0.272
1920,10,-0.206
1920,11,-0.207
1920,12,-0.248
1921,1,-0.324
1921,2,-0.222
1921,3,-0.322
1921,4,-0.278
1921,5,-0.287
1921,6,-0.228
1921,7,-0.187
1921,8,-0.263
1921,9,-0.166
1921,10,-0.127
1921,11,-0.238
1921,12,-0.172
1922,1,-0.317
1922,2,-0.176
1922,3,-0.243
1922,4,-0.309
1922,5,-0.436
1922,6,-0.38
1922,7,-0.257
1922,8,-0.368
1922,9,-0.333
1922,10,-0.343
1922,11,-0.369
1922,12,-0.363
1923,1,-0.389
1923,2,-0.366
1923,3,-0.411
1923,4,-0.241
1923,5,-0.29
1923,6,-0.287
1923,7,-0.332
1923,8,-0.37
1923,9,-0.371
1923,10,-0.349
1923,11,-0.147
1923,12,-0.113
1924,1,-0.234
1924,2,-0.141
1924,3,-0.232
1924,4,-0.15
1924,5,-0.195
1924,6,-0.227
1924,7,-0.26
1924,8,-0.298
1924,9,-0.332
1924,10,-0.372
1924,11,-0.474
1924,12,-0.511
1925,1,-0.432
1925,2,-0.419
1925,3,-0.281
1925,4,-0.357
1925,5,-0.208
1925,6,-0.24
1925,7,-0.169
1925,8,-0.17
1925,9,-0.188
1925,10,-0.234
1925,11,-0.12
1925,12,-0.126
1926,1,-0.099
1926,2,-0.224
1926,3,-0.095
1926,4,-0.078
1926,5,-0.13
1926,6,-0.075
1926,7,-0.188
1926,8,-0.105
1926,9,-0.097
1926,10,-0.082
1926,11,-0.181
1926,12,-0.156
1927,1,-0.216
1927,2,-0.179
1927,3,-0.27
1927,4,-0.204
1927,5,-0.2
1927,6,-0.253
1927,7,-0.165
1927,8,-0.107
1927,9,-0.194
1927,10,-0.143
1927,11,-0.194
1927,12,-0.202
1928,1,-0.112
1928,2,-0.186
1928,3,-0.232
1928,4,-0.203
1928,5,-0.267
1928,6,-0.28
1928,7,-0.172
1928,8,-0.177
1928,9,-0.239
1928,10,-0.223
1928,11,-0.276
1928,12,-0.317
1929,1,-0.352
1929,2,-0.366
1929,3,-0.371
1929,4,-0.298
1929,5,-0.363
1929,6,-0.315
1929,7,-0.343
1929,8,-0.213
1929,9,-0.239
1929,10,-0.255
1929,11,-0.17
1929,12,-0.269
1930,1,-0.29
1930,2,-0.337
1930,3,-0.199
1930,4,-0.18
1930,5,-0.147
1930,6,-0.195
1930,7,-0.125
1930,8,-0.09
1930,9,-0.002
1930,10,-0.033
1930,11,0
1930,12,-0.046
1931,1,-0.014
1931,2,-0.057
1931,3,-0.064
1931,4,-0.107
1931,5,-0.1
1931,6,-0.074
1931,7,-0.06
1931,8,-0.081
1931,9,-0.061
1931,10,-0.162
1931,11,-0.183
1931,12,-0.182
1932,1,-0.17
1932,2,-0.106
1932,3,-0.113
1932,4,-0.161
1932,5,-0.157
1932,6,-0.214
1932,7,-0.147
1932,8,-0.195
1932,9,-0.093
1932,10,-0.244
1932,11,-0.216
1932,12,-0.168
1933,1,-0.173
1933,2,-0.177
1933,3,-0.236
1933,4,-0.176
1933,5,-0.175
1933,6,-0.259
1933,7,-0.209
1933,8,-0.221
1933,9,-0.293
1933,10,-0.252
1933,11,-0.317
1933,12,-0.358
1934,1,-0.312
1934,2,-0.392
1934,3,-0.39
1934,4,-0.206
1934,5,-0.21
1934,6,-0.049
1934,7,-0.066
1934,8,-0.082
1934,9,-0.036
1934,10,-0.17
1934,11,-0.117
1934,12,-0.217
1935,1,-0.157
1935,2,-0.235
1935,3,-0.29
1935,4,-0.133
1935,5,-0.16
1935,6,-0.151
1935,7,-0.165
1935,8,-0.184
1935,9,-0.162
1935,10,-0.166
1935,11,-0.188
1935,12,-0.22
1936,1,-0.244
1936,2,-0.123
1936,3,-0.224
1936,4,-0.153
1936,5,-0.162
1936,6,-0.175
1936,7,-0.117
1936,8,-0.082
1936,9,-0.106
1936,10,-0.087
1936,11,-0.177
1936,12,-0.139
1937,1,-0.099
1937,2,-0.009
1937,3,-0.047
1937,4,-0.051
1937,5,-0.073
1937,6,-0.025
1937,7,0.103
1937,8,0.061
1937,9,0.078
1937,10,0.02
1937,11,-0.033
1937,12,-0.013
1938,1,-0.06
1938,2,-0.055
1938,3,-0.042
1938,4,-0.081
1938,5,-0.157
1938,6,-0.059
1938,7,-0.102
1938,8,-0.006
1938,9,-0.053
1938,10,-0.029
1938,11,-0.155
1938,12,-0.23
1939,1,-0.178
1939,2,-0.137
1939,3,-0.177
1939,4,-0.103
1939,5,-0.113
1939,6,-0.016
1939,7,0.047
1939,8,0.024
1939,9,0.077
1939,10,-0.155
1939,11,-0.109
1939,12,-0.125
1940,1,0.028
1940,2,-0.085
1940,3,-0.1
1940,4,-0.004
1940,5,0.068
1940,6,-0.031
1940,7,0.1
1940,8,0.041
1940,9,0.059
1940,10,0.031
1940,11,-0.02
1940,12,0.094
1941,1,0.008
1941,2,-0.04
1941,3,-0.023
1941,4,0.057
1941,5,-0.015
1941,6,0.076
1941,7,0.057
1941,8,-0.012
1941,9,-0.038
1941,10,0.214
1941,11,0.179
1941,12,0.283
1942,1,0.173
1942,2,0.148
1942,3,0.079
1942,4,0.007
1942,5,0.081
1942,6,0.018
1942,7,0.033
1942,8,-0.071
1942,9,-0.047
1942,10,-0.109
1942,11,-0.104
1942,12,-0.04
1943,1,-0.081
1943,2,-0.092
1943,3,-0.153
1943,4,-0.095
1943,5,-0.05
1943,6,0.044
1943,7,-0.046
1943,8,0.108
1943,9,0
1943,10,0.077
1943,11,0.079
1943,12,0.146
1944,1,0.027
1944,2,0.076
1944,3,0.138
1944,4,0.111
1944,5,0.158
1944,6,0.166
1944,7,0.226
1944,8,0.24
1944,9,0.192
1944,10,0.169
1944,11,0.052
1944,12,0.197
1945,1,0.172
1945,2,0.136
1945,3,0.092
1945,4,0.089
1945,5,0.053
1945,6,0.127
1945,7,0.095
1945,8,0.179
1945,9,0.156
1945,10,0.192
1945,11,0.15
1945,12,0.173
1946,1,0.119
1946,2,-0.002
1946,3,0.167
1946,4,0.086
1946,5,-0.072
1946,6,-0.203
1946,7,-0.061
1946,8,-0.161
1946,9,0.007
1946,10,0.055
1946,11,-0.071
1946,12,-0.119
1947,1,0.045
1947,2,-0.103
1947,3,-0.097
1947,4,0.019
1947,5,-0.085
1947,6,-0.046
1947,7,0.021
1947,8,-0.042
1947,9,-0.095
1947,10,-0.167
1947,11,-0.032
1947,12,-0.096
1948,1,-0.119
1948,2,-0.147
1948,3,0.028
1948,4,-0.055
1948,5,0.041
1948,6,0.052
1948,7,-0.108
1948,8,0.016
1948,9,-0.097
1948,10,-0.061
1948,11,-0.088
1948,12,-0.087
1949,1,-0.002
1949,2,0.006
1949,3,-0.072
1949,4,0.01
1949,5,-0.027
1949,6,-0.155
1949,7,-0.052
1949,8,-0.046
1949,9,-0.075
1949,10,-0.113
1949,11,-0.092
1949,12,-0.053
1950,1,-0.089
1950,2,-0.134
1950,3,-0.123
1950,4,-0.083
1950,5,-0.053
1950,6,-0.082
1950,7,0.053
1950,8,-0.002
1950,9,-0.079
1950,10,-0.074
1950,11,-0.156
1950,12,-0.185
1951,1,-0.149
1951,2,-0.164
1951,3,-0.192
1951,4,-0.111
1951,5,-0.042
1951,6,0.106
1951,7,0.106
1951,8,0.194
1951,9,0.081
1951,10,0.131
1951,11,0.01
1951,12,0.05
1952,1,0.123
1952,2,0.175
1952,3,0.078
1952,4,0.106
1952,5,0.105
1952,6,0.085
1952,7,0.065
1952,8,0.095
1952,9,0.06
1952,10,0.071
1952,11,0.045
1952,12,0.028
1953,1,0.003
1953,2,0.079
1953,3,0.072
1953,4,0.148
1953,5,0.173
1953,6,0.15
1953,7,0.117
1953,8,0.095
1953,9,0.097
1953,10,0.047
1953,11,0.035
1953,12,0.052
1954,1,0.02
1954,2,0.022
1954,3,-0.016
1954,4,-0.1
1954,5,-0.116
1954,6,-0.099
1954,7,-0.202
1954,8,-0.124
1954,9,-0.123
1954,10,-0.142
1954,11,-0.12
1954,12,-0.175
1955,1,-0.08
1955,2,-0.135
1955,3,-0.106
1955,4,-0.153
1955,5,-0.236
1955,6,-0.226
1955,7,-0.133
1955,8,-0.107
1955,9,-0.128
1955,10,-0.246
1955,11,-0.225
1955,12,-0.19
1956,1,-0.144
1956,2,-0.138
1956,3,-0.148
1956,4,-0.168
1956,5,-0.17
1956,6,-0.234
1956,7,-0.196
1956,8,-0.157
1956,9,-0.185
1956,10,-0.157
1956,11,-0.142
1956,12,-0.11
1957,1,-0.123
1957,2,-0.033
1957,3,-0.001
1957,4,-0.001
1957,5,0.13
1957,6,0.093
1957,7,0.145
1957,8,0.163
1957,9,0.052
1957,10,0.028
1957,11,0.075
1957,12,0.072
1958,1,0.111
1958,2,0.174
1958,3,0.109
1958,4,0.086
1958,5,0.055
1958,6,0.077
1958,7,0.054
1958,8,0.095
1958,9,0.071
1958,10,0.051
1958,11,0.014
1958,12,0.089
1959,1,0.058
1959,2,0.051
1959,3,0.03
1959,4,0.05
1959,5,0.088
1959,6,0.031
1959,7,0.052
1959,8,0.084
1959,9,0.054
1959,10,0.055
1959,11,-0.025
1959,12,-0.033
1960,1,-0.032
1960,2,-0.031
1960,3,-0.01
1960,4,-0.059
1960,5,0.001
1960,6,-0.052
1960,7,0.058
1960,8,0.042
1960,9,0.077
1960,10,-0.025
1960,11,-0.018
1960,12,0.022
1961,1,0.037
1961,2,0.129
1961,3,0.101
1961,4,0.101
1961,5,0.089
1961,6,0.113
1961,7,0.064
1961,8,0.058
1961,9,-0.062
1961,10,0.022
1961,11,0.005
1961,12,-0.013
1962,1,-0.021
1962,2,0.021
1962,3,0.007
1962,4,0.015
1962,5,0.011
1962,6,-0.028
1962,7,0.072
1962,8,0.043
1962,9,0.006
1962,10,0.022
1962,11,-0.019
1962,12,-0.031
1963,1,-0.05
1963,2,-0.055
1963,3,-0.025
1963,4,0.023
1963,5,0.081
1963,6,0.035
1963,7,0.127
1963,8,0.151
1963,9,0.093
1963,10,0.108
1963,11,0.112
1963,12,0.08
1964,1,-0.019
1964,2,-0.03
1964,3,-0.091
1964,4,-0.104
1964,5,-0.112
1964,6,-0.06
1964,7,-0.12
1964,8,-0.247
1964,9,-0.258
1964,10,-0.17
1964,11,-0.272
1964,12,-0.288
1965,1,-0.17
1965,2,-0.139
1965,3,-0.202
1965,4,-0.146
1965,5,-0.154
1965,6,-0.149
1965,7,-0.16
1965,8,-0.08
1965,9,-0.052
1965,10,-0.028
1965,11,-0.03
1965,12,-0.014
1966,1,-0.004
1966,2,-0.007
1966,3,0.006
1966,4,0.033
1966,5,-0.085
1966,6,-0.005
1966,7,0.048
1966,8,0.008
1966,9,-0.024
1966,10,-0.011
1966,11,-0.013
1966,12,0.031
1967,1,-0.094
1967,2,-0.086
1967,3,-0.048
1967,4,-0.075
1967,5,0.016
1967,6,0.009
1967,7,-0.007
1967,8,-0.007
1967,9,-0.056
1967,10,-0.088
1967,11,-0.07
1967,12,-0.183
1968,1,-0.196
1968,2,-0.231
1968,3,-0.214
1968,4,-0.157
1968,5,-0.127
1968,6,0.009
1968,7,-0.026
1968,8,0.031
1968,9,0.031
1968,10,0.06
1968,11,0.051
1968,12,0.128
1969,1,0.158
1969,2,0.163
1969,3,0.174
1969,4,0.172
1969,5,0.217
1969,6,0.094
1969,7,0.014
1969,8,0.084
1969,9,0.058
1969,10,0.055
1969,11,0.063
1969,12,0.104
1970,1,0.131
1970,2,0.044
1970,3,0.04
1970,4,0.059
1970,5,-0.007
1970,6,-0.051
1970,7,-0.096
1970,8,-0.062
1970,9,-0.061
1970,10,-0.014
1970,11,-0.03
1970,12,-0.056
1971,1,-0.115
1971,2,-0.191
1971,3,-0.21
1971,4,-0.162
1971,5,-0.187
1971,6,-0.208
1971,7,-0.137
1971,8,-0.213
1971,9,-0.194
1971,10,-0.205
1971,11,-0.194
1971,12,-0.264
1972,1,-0.119
1972,2,-0.071
1972,3,-0.087
1972,4,-0.041
1972,5,-0.027
1972,6,0.001
1972,7,0.021
1972,8,0.007
1972,9,-0.011
1972,10,0.016
1972,11,0.128
1972,12,0.246
1973,1,0.163
1973,2,0.135
1973,3,0.126
1973,4,0.079
1973,5,0.025
1973,6,0.025
1973,7,0.011
1973,8,0.021
1973,9,-0.033
1973,10,-0.08
1973,11,-0.105
1973,12,-0.184
1974,1,-0.238
1974,2,-0.237
1974,3,-0.218
1974,4,-0.184
1974,5,-0.186
1974,6,-0.145
1974,7,-0.164
1974,8,-0.071
1974,9,-0.065
1974,10,-0.141
1974,11,-0.155
1974,12,-0.141
1975,1,-0.182
1975,2,-0.106
1975,3,-0.137
1975,4,-0.19
1975,5,-0.133
1975,6,-0.165
1975,7,-0.134
1975,8,-0.136
1975,9,-0.223
1975,10,-0.233
1975,11,-0.31
1975,12,-0.335
1976,1,-0.333
1976,2,-0.3
1976,3,-0.229
1976,4,-0.238
1976,5,-0.292
1976,6,-0.216
1976,7,-0.128
1976,8,-0.138
1976,9,-0.173
1976,10,-0.083
1976,11,-0.044
1976,12,0.014
1977,1,0.081
1977,2,0.041
1977,3,0.023
1977,4,-0.026
1977,5,-0.002
1977,6,0.013
1977,7,0.029
1977,8,-0.018
1977,9,0.024
1977,10,-0.025
1977,11,-0.015
1977,12,-0.059
1978,1,0.012
1978,2,-0.037
1978,3,-0.02
1978,4,-0.102
1978,5,-0.083
1978,6,-0.096
1978,7,-0.052
1978,8,-0.112
1978,9,-0.062
1978,10,-0.132
1978,11,-0.033
1978,12,-0.032
1979,1,0.023
1979,2,0.014
1979,3,0.046
1979,4,0.076
1979,5,-0.032
1979,6,0.073
1979,7,0.056
1979,8,0.056
1979,9,0.068
1979,10,0.079
1979,11,0.14
1979,12,0.167
1980,1,0.157
1980,2,0.145
1980,3,0.17
1980,4,0.093
1980,5,0.046
1980,6,0.046
1980,7,0.053
1980,8,0.01
1980,9,-0.001
1980,10,-0.056
1980,11,-0.003
1980,12,-0.009
1981,1,-0.017
1981,2,-0.062
1981,3,0.021
1981,4,-0.008
1981,5,0.033
1981,6,0.1
1981,7,0.078
1981,8,0.028
1981,9,0.064
1981,10,0.012
1981,11,-0.004
1981,12,0.068
1982,1,0.031
1982,2,-0.033
1982,3,-0.027
1982,4,-0.016
1982,5,0.044
1982,6,-0.029
1982,7,-0.053
1982,8,-0.049
1982,9,0.026
1982,10,0.075
1982,11,0.073
1982,12,0.116
1983,1,0.221
1983,2,0.171
1983,3,0.133
1983,4,0.124
1983,5,0.154
1983,6,0.179
1983,7,0.107
1983,8,0.112
1983,9,0.091
1983,10,0.046
1983,11,0.047
1983,12,0.05
1984,1,0.037
1984,2,0.036
1984,3,0.019
1984,4,0.003
1984,5,-0.021
1984,6,-0.051
1984,7,-0.034
1984,8,0.016
1984,9,0.075
1984,10,-0.069
1984,11,-0.055
1984,12,-0.066
1985,1,-0.037
1985,2,-0.018
1985,3,-0.04
1985,4,-0.09
1985,5,-0.05
1985,6,-0.069
1985,7,-0.023
1985,8,-0.03
1985,9,-0.013
1985,10,0.006
1985,11,-0.076
1985,12,-0.02
1986,1,-0.081
1986,2,-0.023
1986,3,-0.029
1986,4,-0.039
1986,5,-0.036
1986,6,-0.008
1986,7,0.005
1986,8,-0.019
1986,9,0.02
1986,10,0.048
1986,11,0.013
1986,12,-0.006
1987,1,0.008
1987,2,0.03
1987,3,0.086
1987,4,0.049
1987,5,0.119
1987,6,0.108
1987,7,0.201
1987,8,0.256
1987,9,0.239
1987,10,0.195
1987,11,0.261
1987,12,0.185
1988,1,0.243
1988,2,0.215
1988,3,0.19
1988,4,0.158
1988,5,0.151
1988,6,0.134
1988,7,0.142
1988,8,0.128
1988,9,0.071
1988,10,0.021
1988,11,-0.053
1988,12,-0.094
1989,1,-0.032
1989,2,-0.009
1989,3,0.002
1989,4,0.033
1989,5,0.053
1989,6,0.06
1989,7,0.167
1989,8,0.196
1989,9,0.13
1989,10,0.065
1989,11,0.083
1989,12,0.075
1990,1,0.108
1990,2,0.197
1990,3,0.204
1990,4,0.239
1990,5,0.203
1990,6,0.204
1990,7,0.22
1990,8,0.214
1990,9,0.18
1990,10,0.249
1990,11,0.185
1990,12,0.173
1991,1,0.183
1991,2,0.154
1991,3,0.188
1991,4,0.254
1991,5,0.255
1991,6,0.163
1991,7,0.242
1991,8,0.224
1991,9,0.151
1991,10,0.107
1991,11,0.077
1991,12,0.097
1992,1,0.138
1992,2,0.16
1992,3,0.153
1992,4,0.159
1992,5,0.187
1992,6,0.179
1992,7,0.085
1992,8,0.04
1992,9,0.02
1992,10,-0.007
1992,11,-0.034
1992,12,-0.001
1993,1,0.164
1993,2,0.082
1993,3,0.112
1993,4,0.08
1993,5,0.148
1993,6,0.158
1993,7,0.096
1993,8,0.084
1993,9,0.105
1993,10,0.064
1993,11,0.12
1993,12,0.032
1994,1,0.083
1994,2,0.065
1994,3,0.136
1994,4,0.111
1994,5,0.187
1994,6,0.15
1994,7,0.167
1994,8,0.171
1994,9,0.121
1994,10,0.192
1994,11,0.207
1994,12,0.183
1995,1,0.182
1995,2,0.219
1995,3,0.213
1995,4,0.158
1995,5,0.149
1995,6,0.209
1995,7,0.298
1995,8,0.266
1995,9,0.152
1995,10,0.162
1995,11,0.171
1995,12,0.094
1996,1,0.113
1996,2,0.188
1996,3,0.182
1996,4,0.185
1996,5,0.152
1996,6,0.122
1996,7,0.158
1996,8,0.174
1996,9,0.107
1996,10,0.101
1996,11,0.076
1996,12,0.129
1997,1,0.1
1997,2,0.152
1997,3,0.214
1997,4,0.162
1997,5,0.259
1997,6,0.342
1997,7,0.37
1997,8,0.404
1997,9,0.416
1997,10,0.468
1997,11,0.472
1997,12,0.477
1998,1,0.419
1998,2,0.478
1998,3,0.482
1998,4,0.489
1998,5,0.498
1998,6,0.468
1998,7,0.526
1998,8,0.487
1998,9,0.293
1998,10,0.288
1998,11,0.312
1998,12,0.27
1999,1,0.158
1999,2,0.215
1999,3,0.268
1999,4,0.248
1999,5,0.2
1999,6,0.213
1999,7,0.221
1999,8,0.176
1999,9,0.217
1999,10,0.146
1999,11,0.171
1999,12,0.148
2000,1,0.171
2000,2,0.167
2000,3,0.184
2000,4,0.228
2000,5,0.213
2000,6,0.197
2000,7,0.212
2000,8,0.285
2000,9,0.262
2000,10,0.228
2000,11,0.262
2000,12,0.182
2001,1,0.208
2001,2,0.245
2001,3,0.366
2001,4,0.341
2001,5,0.28
2001,6,0.366
2001,7,0.379
2001,8,0.401
2001,9,0.376
2001,10,0.357
2001,11,0.356
2001,12,0.305
2002,1,0.365
2002,2,0.329
2002,3,0.453
2002,4,0.388
2002,5,0.389
2002,6,0.403
2002,7,0.351
2002,8,0.369
2002,9,0.326
2002,10,0.384
2002,11,0.304
2002,12,0.382
2003,1,0.343
2003,2,0.364
2003,3,0.405
2003,4,0.347
2003,5,0.344
2003,6,0.401
2003,7,0.435
2003,8,0.478
2003,9,0.465
2003,10,0.448
2003,11,0.387
2003,12,0.315
2004,1,0.359
2004,2,0.352
2004,3,0.314
2004,4,0.375
2004,5,0.32
2004,6,0.283
2004,7,0.382
2004,8,0.405
2004,9,0.401
2004,10,0.369
2004,11,0.367
2004,12,0.342
2005,1,0.356
2005,2,0.331
2005,3,0.375
2005,4,0.391
2005,5,0.401
2005,6,0.428
2005,7,0.463
2005,8,0.5
2005,9,0.432
2005,10,0.399
2005,11,0.343
2005,12,0.292
2006,1,0.296
2006,2,0.327
2006,3,0.278
2006,4,0.332
2006,5,0.347
2006,6,0.356
2006,7,0.394
2006,8,0.465
2006,9,0.412
2006,10,0.405
2006,11,0.405
2006,12,0.398
2007,1,0.402
2007,2,0.392
2007,3,0.304
2007,4,0.294
2007,5,0.288
2007,6,0.356
2007,7,0.369
2007,8,0.304
2007,9,0.293
2007,10,0.255
2007,11,0.18
2007,12,0.138
2008,1,0.136
2008,2,0.154
2008,3,0.188
2008,4,0.209
2008,5,0.238
2008,6,0.255
2008,7,0.365
2008,8,0.379
2008,9,0.378
2008,10,0.325
2008,11,0.251
2008,12,0.254
2009,1,0.297
2009,2,0.247
2009,3,0.257
2009,4,0.334
2009,5,0.382
2009,6,0.515
2009,7,0.523
2009,8,0.505
2009,9,0.386
2009,10,0.417
2009,11,0.416
2009,12,0.495
2010,1,0.453
2010,2,0.462
2010,3,0.47
2010,4,0.501
2010,5,0.455
2010,6,0.441
2010,7,0.5
2010,8,0.439
2010,9,0.352
2010,10,0.314
2010,11,0.254
2010,12,0.258
2011,1,0.244
2011,2,0.271
2011,3,0.271
2011,4,0.285
2011,5,0.308
2011,6,0.35
2011,7,0.38
2011,8,0.373
2011,9,0.303
2011,10,0.24
2011,11,0.261
2011,12,0.206
2012,1,0.214
2012,2,0.247
2012,3,0.245
2012,4,0.303
2012,5,0.361
2012,6,0.356
2012,7,0.398
2012,8,0.44
2012,9,0.429
2012,10,0.437
2012,11,0.409
2012,12,0.343
2013,1,0.292
2013,2,0.309
2013,3,0.287
2013,4,0.364
2013,5,0.382
2013,6,0.314
2013,7,0.479
2013,8,0.483
2013,9,0.457
2013,10,0.391
2013,11,0.424
2013,12,0.35
2014,1,0.342
2014,2,0.314
2014,3,0.347
2014,4,0.478
2014,5,0.477
2014,6,0.563
2014,7,0.551
2014,8,0.644
2014,9,0.574
2014,10,0.528
2014,11,0.48
2014,12,0.45
2015,1,0.44
2015,2,0.406
2015,3,0.424
2015,4,0.557
2015,5,0.593
2015,6,0.575
2015,7,0.637
2015,8,0.665
2015,9,0.725
2015,10,0.699
2015,11,0.691
2015,12,0.717